min,max,mean,median,q25,q75,k,method,res1,res15,res2,res2.5,res3,res3.5,res45,res4,res5,res6,res7,res8,res9,removed_group,off_diag
0.3226189686575126,0.9914013530621455,0.6198900461706569,0.5456498167923126,0.4341343927249126,0.768525584927229,3,Ours,3,3,3,3,3,2,2,2,2,1,1,1,1,1,0.09911592134696634
0.5210643977708064,0.9740081984802255,0.6745514853293857,0.5285818597371251,0.5248231287539658,0.7512950291086753,3,LDA,3,3,3,3,3,3,3,3,3,1,1,1,1,1,0.08297001499164347
0.052273886473058875,0.28634753092257914,0.14743097872034933,0.10367151876540995,0.07797270261923442,0.19500952484399453,3,SLDA,2,1,1,1,0,0,0,0,0,0,0,0,0,1,0.05445881716911097
0.2696477194368515,0.9908543313077587,0.6246282390680125,0.6190054527637199,0.4914058313467694,0.7522278604849628,4,Ours,4,4,4,4,3,3,3,3,3,2,1,1,1,1,0.16113133197946886
0.6017800949435941,0.9680560664934432,0.7850837212864749,0.7852493618544311,0.6053613162519438,0.9649717668889621,4,LDA,4,4,4,4,4,4,4,4,4,4,2,2,2,1,0.04366871281706963
0.017595685361950747,0.3012947758714351,0.14114660926117392,0.1228479879056549,0.03425020658606193,0.2297443905807669,4,SLDA,2,2,2,1,1,0,0,0,0,0,0,0,0,1,0.04121743779783333
0.19298775467324258,0.9931890857065981,0.574936146823719,0.672502457308547,0.28531888863138444,0.7306825477988225,5,Ours,5,5,4,4,3,3,3,3,3,3,2,1,1,1,0.1385714477927137
0.002058908903752579,0.9953573897026924,0.6326998214286692,0.615465172730644,0.6061473150622181,0.9444703207440391,5,LDA,4,4,4,4,4,4,4,4,4,4,2,2,2,1,0.05813802647514506
0.0477187479897735,0.35871706789193464,0.16490718253864958,0.1790200240671487,0.04779756902394189,0.19128250372044914,5,SLDA,3,3,1,1,1,1,0,0,0,0,0,0,0,1,0.04388584412842076
0.011014021787515474,0.9930365491695086,0.6595527960260866,0.7443125042375311,0.6020587282072503,0.8685784214548403,6,Ours,5,5,5,5,5,5,5,5,5,4,3,3,1,1,0.11981239515374888
0.055269479169103464,0.9967327897953112,0.6409667929848165,0.6447476786922088,0.6192312196268295,0.8313699683893252,6,LDA,5,5,5,5,5,5,5,5,5,5,2,2,1,1,0.0902262005993376
0.002308640220719752,0.3279009618079413,0.11032224774580436,0.046370256626408674,0.027946676836897798,0.17447597987131738,6,SLDA,2,2,2,1,1,0,0,0,0,0,0,0,0,1,0.024489478470297806
0.008724931749568812,0.9935081439546355,0.6948396148791445,0.9115291724878305,0.5260765701776939,0.9489809578032944,7,Ours,6,6,5,5,5,5,5,5,5,5,5,5,4,1,0.12468271322088788
8.765667386316427e-5,0.9946450578135672,0.5345919289224615,0.6095143568661634,0.3490071435106078,0.7199410720412108,7,LDA,5,5,5,5,5,5,5,5,5,5,2,2,1,1,0.08181371631458162
0.006491306505380547,0.3522072702813073,0.10815614662153812,0.07406225395938633,0.0456074609908946,0.11655863681145173,7,SLDA,2,1,1,1,1,1,0,0,0,0,0,0,0,1,0.030260777778700638
0.01963858487209908,0.9937301654145979,0.6387333632238221,0.7969439542908427,0.5034770189674339,0.873803316114136,8,Ours,6,6,6,6,6,6,6,6,6,6,5,4,2,1,0.12282010114042789
0.0020419570746206305,0.9993779668433341,0.6265201376127664,0.7135072887486353,0.526973728346806,0.8453669882288986,8,LDA,7,7,7,7,6,6,6,6,6,6,4,4,1,1,0.08455023179129931
0.004477232608454263,0.25364821394340253,0.09995808834411454,0.0634202174896085,0.01623533447126899,0.1739933451346259,8,SLDA,3,3,2,1,0,0,0,0,0,0,0,0,0,1,0.018415887242885117
0.06104249552076449,0.9985385259229933,0.6859934843539587,0.8947533389465075,0.4509293574895739,0.9331480814490714,9,Ours,7,7,7,7,7,7,7,7,6,6,6,6,4,1,0.15202525069296072
0.02944288439665707,0.9998275250165952,0.572086286443132,0.6205159121385164,0.2245043333711117,0.899648642869902,9,LDA,8,7,7,6,6,6,6,6,6,5,4,3,2,1,0.09399842144097839
0.002881406569531876,0.3293431405854517,0.07131830232288072,0.03567265451920245,0.015327244871571104,0.06836739419473738,9,SLDA,2,1,1,1,1,0,0,0,0,0,0,0,0,1,0.015179039148970964
0.05518824920403824,0.9940052330038658,0.616756274300913,0.7536442124292779,0.30199393929224216,0.8727069705806167,10,Ours,9,8,7,7,7,7,7,7,7,7,7,4,2,1,0.16373453919290865
0.001042843242864197,0.9987520621039837,0.6466257891876726,0.7688880803715604,0.41567110844990346,0.9229035205831132,10,LDA,8,8,8,8,8,7,7,7,7,7,7,4,4,1,0.06522929387605379
3.7403364668171937e-4,0.6019169174833908,0.11415047865993647,0.04758956168395539,0.021786937019617248,0.0680008186196024,10,SLDA,2,2,2,1,1,1,1,1,1,1,0,0,0,1,0.010842350988906332
0.053709751772393975,0.993857376147286,0.6463943686083184,0.8073477749082463,0.45503921598357866,0.8876480468234259,11,Ours,9,9,8,8,8,8,8,8,8,8,8,6,2,1,0.13650019542630254
0.0703381058683969,0.9997792448919487,0.6479291061513439,0.7782850118069937,0.4594644811577125,0.8638398252353604,11,LDA,10,10,10,9,9,8,8,8,8,7,6,5,2,1,0.07860849625295764
0.0030262170825234255,0.3855582997921464,0.062228075129764804,0.02604689740754355,0.012230010269738339,0.05953718494147729,11,SLDA,1,1,1,1,1,1,0,0,0,0,0,0,0,1,0.011785997533932712
0.0477189175660306,0.9939470413934767,0.6239869813190972,0.7963945098076479,0.36466630335986455,0.8374320085903028,12,Ours,10,10,9,9,9,9,9,8,8,8,8,5,2,1,0.15705816327019512
0.004554723854953244,0.9998831511721012,0.6473630983969164,0.8215926311714019,0.3112971135831037,0.8518348448469298,12,LDA,11,11,11,10,10,8,8,8,8,8,8,7,2,1,0.08480283266342331
0.0012494829380267692,0.3252817652289422,0.08609792036424885,0.02379268014322115,0.004809567128861819,0.1428487279693573,12,SLDA,4,3,2,1,1,0,0,0,0,0,0,0,0,1,0.009086871797277147
0.014637191052880562,0.9944903823253175,0.6289870729785829,0.8134081376754865,0.3006128547844061,0.8683248432422481,13,Ours,11,10,10,10,10,9,9,9,9,9,9,7,2,1,0.148756784136402
0.005432589646560944,0.9992927039581393,0.6821271486538175,0.836109410738897,0.6003294511810543,0.9103267204685352,13,LDA,11,11,11,11,11,10,10,10,10,10,8,7,4,1,0.0753535543194473
0.001110358027636819,0.36397916967134325,0.06778820062067854,0.025868931913538878,0.011763164023335115,0.06959067881592806,13,SLDA,2,2,1,1,1,1,0,0,0,0,0,0,0,1,0.010525452951546664
0.008188287575714423,0.9949884112220064,0.6132968238357001,0.7932806239911402,0.3738641302419108,0.8595223819346098,14,Ours,12,11,11,11,11,10,10,10,10,9,8,7,2,1,0.1458970862015049
0.004597954204200003,0.9993109885193762,0.6841257401481764,0.8004059075363289,0.5423493421327488,0.8878904399868448,14,LDA,13,13,13,12,12,12,11,11,11,10,9,7,3,1,0.0766191727077795
2.2456605900351718e-4,0.5056139191005286,0.1051750766991761,0.05673825526757215,0.012759347622582103,0.0886202109192722,14,SLDA,3,3,2,2,2,2,1,1,1,0,0,0,0,1,0.011249584951128638
0.0027902319354843673,0.9948910890192394,0.6218784336410543,0.731798305478439,0.4461439642436934,0.8634787230301355,15,Ours,13,12,12,12,12,11,11,11,11,10,9,7,2,1,0.16089553211350135
0.0019262136061497309,0.9992533172208627,0.6266647074507411,0.7247165574743581,0.30137737866236874,0.9099764806723347,15,LDA,13,13,13,11,11,11,10,10,10,10,8,7,5,1,0.10245521543277654
4.4713609913534094e-4,0.17333307654146748,0.0663382164861593,0.04923104366611332,0.02682430108346657,0.10296343938467103,15,SLDA,4,1,0,0,0,0,0,0,0,0,0,0,0,1,0.010899079771738712
0.0032921157165179088,0.9949120713795909,0.5489713444086793,0.6088040031257289,0.30676472603756044,0.8348000599266343,16,Ours,14,14,14,12,12,11,11,10,10,8,5,5,1,1,0.1872917409104606
0.0018579875357008656,0.9991579794342729,0.6549269206944637,0.7602547347945839,0.40539235658874806,0.9023349904357632,16,LDA,14,14,14,13,13,13,12,11,11,11,10,7,5,1,0.10638045931536205
5.866895510388001e-4,0.3995000114885477,0.10685684419912021,0.0437360772798241,0.01593745048073944,0.18992028649325912,16,SLDA,6,5,4,2,1,1,0,0,0,0,0,0,0,1,0.010185909515068056
0.32140066491204167,0.9920249659749875,0.7404889669476341,0.9080412699558733,0.6147209674339575,0.9500331179654304,3,Ours,3,3,3,3,3,2,2,2,2,2,2,2,2,2,0.08934215081336035
0.020784789527991836,0.8480278794617108,0.5478077250534428,0.7746105061706259,0.39769764784930883,0.8113191928161683,3,LDA,2,2,2,2,2,2,2,2,2,2,2,1,0,2,0.10319273121574897
0.013533105709258468,0.33266109850281605,0.1443120433717877,0.08674192590328865,0.050137515806273555,0.20970151220305236,3,SLDA,1,1,1,1,1,0,0,0,0,0,0,0,0,2,0.025341432320998402
0.3212662550047901,0.9933863647444189,0.6725493012468571,0.6877722926191095,0.3704809477785921,0.9898406460873745,4,Ours,4,4,4,4,4,3,2,2,2,2,2,2,2,2,0.14164048421138306
0.06539485392060909,0.9488032333053344,0.5351629157077199,0.5632267878024682,0.23464975629236473,0.8637399472178233,4,LDA,3,3,3,3,2,2,2,2,2,2,2,2,1,2,0.05474741704007313
0.018244401350541967,0.08400194012364831,0.05555274191877647,0.05998231310045779,0.03311373619994095,0.08242131881929331,4,SLDA,0,0,0,0,0,0,0,0,0,0,0,0,0,2,0.03299294919006623
0.04061453544043317,0.996508992337725,0.6661258364711009,0.9147512613544568,0.3980256149832528,0.9807287782396364,5,Ours,4,4,4,4,4,4,3,3,3,3,3,3,3,2,0.11606862319264918
0.29539069574255883,0.6500326692206223,0.4369932082806259,0.4176127941859058,0.37177546228397274,0.4501544199700698,5,LDA,5,5,5,5,4,4,3,2,1,1,0,0,0,2,0.09129718327000698
0.011368993071789214,0.2708941439821798,0.10147549781642813,0.06780390789240523,0.06327231940956374,0.09403812472620267,5,SLDA,1,1,1,1,0,0,0,0,0,0,0,0,0,2,0.040761628878135066
0.01817331344472126,0.9988037490772902,0.6582887243804446,0.7999321473030931,0.43474681611133414,0.9648874994060649,6,Ours,5,5,5,5,5,5,4,4,4,4,3,3,3,2,0.15527312763547918
0.05073061316586914,0.9203739024805371,0.526177570465096,0.5520861152138038,0.4057799245321577,0.6816046406121657,6,LDA,5,5,5,5,5,5,4,4,3,3,1,1,1,2,0.05493462059304986
0.013385464132984954,0.10774570213940168,0.05629631890529694,0.05104803377614618,0.026884325578773495,0.08455270101462656,6,SLDA,1,0,0,0,0,0,0,0,0,0,0,0,0,2,0.02171506232263894
0.012114334014729278,0.9987191626216052,0.5422078482746217,0.6180588745554014,0.1275789492841372,0.9557023340811706,7,Ours,5,5,4,4,4,4,4,4,4,4,3,3,3,2,0.1072551802109033
0.1923881651277661,0.9994053330113337,0.636152131076273,0.610334833832402,0.3964294028255734,0.929038889955631,7,LDA,7,7,6,5,5,5,5,5,5,4,3,3,2,2,0.04488783775093702
0.004219196146104226,0.46820735423249865,0.20114762532605182,0.11376515459515187,0.04030947897584657,0.37061135717845745,7,SLDA,4,3,3,3,3,3,1,1,0,0,0,0,0,2,0.030239669493394343
0.013367168397271258,0.9987736212591793,0.6069951059335125,0.7698386666849631,0.19412208432048875,0.9510784100204545,8,Ours,7,7,5,5,5,5,5,5,5,5,5,4,3,2,0.12421753204725743
0.07005097137781854,0.9995217649467655,0.6599694524805739,0.8625903390166829,0.3272904878663635,0.9496754410558802,8,LDA,7,7,6,6,6,6,5,5,5,5,5,5,3,2,0.052788746146627145
0.03129794454286595,0.20011735450870102,0.07413839716052872,0.047605552523206085,0.039370631483282834,0.07505682777159023,8,SLDA,2,1,1,0,0,0,0,0,0,0,0,0,0,2,0.019879078175684788
0.0072979718663495775,0.9977433544101606,0.5384915798973806,0.7051645835018818,0.1119040303279967,0.904196717227476,9,Ours,7,6,6,6,5,5,5,5,5,5,5,3,3,2,0.11847066796582882
0.017421631284818623,0.9991442595198939,0.46557134469715666,0.499518420756092,0.08473955230022451,0.8386158626466821,9,LDA,6,6,5,5,5,5,5,5,4,3,3,3,2,2,0.06652252149678568
1.0806174972091384e-4,0.26033706582095106,0.08850920557339796,0.0692468316070525,0.044580005524777255,0.12848857704681382,9,SLDA,3,2,1,1,0,0,0,0,0,0,0,0,0,2,0.014268728688416474
9.728987125587213e-4,0.9981667866977876,0.5395956773801693,0.6059040697155534,0.1795267476832763,0.927397635341903,10,Ours,8,8,6,6,6,6,6,5,5,5,5,4,3,2,0.11439494350421135
0.017841212774339938,0.9994665080404079,0.5257787412942874,0.5852791157685325,0.13297935308872594,0.8585672479478634,10,LDA,7,7,7,7,6,6,6,6,6,5,4,3,2,2,0.05399924766533834
0.008979268677229903,0.3116095561822565,0.09756861735772074,0.0478947699972729,0.016678000410207613,0.11905789707900119,10,SLDA,3,2,2,2,2,0,0,0,0,0,0,0,0,2,0.013015838058721831
0.006189082314640334,0.9975561513899072,0.5168854037631555,0.5774531035158033,0.19500007086984933,0.8232963400431381,11,Ours,8,8,8,8,8,7,6,6,6,5,4,3,2,2,0.13458190630685515
0.02514857704722806,0.9999306029762852,0.5205486741874569,0.3717336554671515,0.1919723803190136,0.9052513166765188,11,LDA,9,8,8,8,7,6,5,5,5,5,5,4,3,2,0.07493486190195835
0.0013564270106690601,0.40294678402289963,0.10805384178978958,0.05705957998239225,0.017813556973705236,0.14455839087911526,11,SLDA,4,3,2,2,1,1,1,0,0,0,0,0,0,2,0.010893370395055115
8.489421587042818e-4,0.9982105308885386,0.4440526696039365,0.4219917347612795,0.09122470590093859,0.7341519070066128,12,Ours,9,7,7,7,7,6,6,6,6,4,3,3,3,2,0.1593558218247267
0.009584243388817344,0.999917248187228,0.5024324768240819,0.35663682143220377,0.2101912552003542,0.9270431804406597,12,LDA,9,9,9,8,6,6,6,5,5,5,5,4,4,2,0.07409459945816492
0.001135994397059584,0.8115180263207051,0.1383847585639883,0.06898362660435012,0.011563344154399736,0.15967653720690686,12,SLDA,6,4,2,1,1,1,1,1,1,1,1,1,0,2,0.012238647285248596
0.022856139283649473,0.9976685177277993,0.460559527860327,0.3725069672530727,0.19961305036521187,0.6957846321780963,13,Ours,11,11,9,9,8,8,6,5,4,4,3,3,3,2,0.14216904722229973
4.512910078084746e-6,0.999787393718336,0.5140334284511714,0.5104436877597204,0.10283340982572854,0.910258293689251,13,LDA,10,9,9,9,9,9,9,8,7,5,5,4,4,2,0.06145131995092448
0.012908370091010082,0.9975103831370933,0.41682840245369585,0.36164716670066865,0.14263698533009198,0.5979920398233329,14,Ours,11,10,10,9,9,7,6,4,4,4,3,2,2,2,0.13634071061931316
0.001784649442866525,0.9998392051984778,0.47196775059518836,0.3851050675627636,0.1606767637546684,0.8558756143419479,14,LDA,11,10,10,9,8,7,7,7,6,5,5,4,3,2,0.04562758364237172
2.6432180855642513e-4,0.639061135671048,0.14174221269504203,0.08880709735574152,0.008859441940696752,0.17252775363420003,14,SLDA,7,6,3,2,2,2,1,1,1,1,0,0,0,2,0.00910149953024701
0.022039307371764086,0.9966057773035121,0.4523632243271094,0.37847092285225614,0.1406422318856501,0.7182328357935795,15,Ours,11,11,11,10,9,9,7,6,6,5,4,3,3,2,0.14024087493802442
0.010675483876905418,0.9998540119828497,0.455184238037564,0.4749984260420139,0.06360700507790906,0.7678197545835509,15,LDA,10,9,8,8,8,8,8,8,7,6,6,4,3,2,0.07302162277096985
3.399261236933509e-4,0.19911527036979967,0.07159903271796983,0.055915662611141975,0.02266489000556424,0.1141721401626542,15,SLDA,5,2,0,0,0,0,0,0,0,0,0,0,0,2,0.009375296072980117
0.021384921688926924,0.9984878115533528,0.47963148887676027,0.43943477814582377,0.2475781638581958,0.7102435620967692,16,Ours,13,13,13,12,11,10,8,8,7,5,4,3,3,2,0.14604252511889798
2.982311572930588e-4,0.9998721933555752,0.47715600661867,0.5338724906941184,0.16582028060725915,0.7209958990255889,16,LDA,12,12,11,10,9,9,9,9,8,6,4,4,3,2,0.06691620636840774
7.501981077467067e-4,0.3812368400705015,0.09162964830733461,0.0318882762405457,0.01852359580579699,0.11716657103283595,16,SLDA,6,3,3,2,2,1,0,0,0,0,0,0,0,2,0.009557147744520903
0.23862479985352372,0.9952610655707979,0.734557881720156,0.9697877797361466,0.6042062897948351,0.9825244226534722,3,Ours,3,3,3,2,2,2,2,2,2,2,2,2,2,3,0.11377554455964518
0.11753925956413025,0.9897974730271832,0.5495568862371131,0.5413339261200257,0.329436592842078,0.7655656995736044,3,LDA,3,2,2,2,2,2,2,2,2,1,1,1,1,3,0.08736018285179803
0.05096013712326431,0.1444764214216805,0.10199106287322879,0.11053663007474158,0.08074838359900295,0.12750652574821103,3,SLDA,2,0,0,0,0,0,0,0,0,0,0,0,0,3,0.07404433483670377
0.1097475508526242,0.9948005333102073,0.7225782437028984,0.8928824453243809,0.6377293458480647,0.9777313431792144,4,Ours,4,3,3,3,3,3,3,3,3,3,3,3,2,3,0.11092566705765065
0.19628334874771225,0.9809427697666198,0.6304510555958291,0.6722890519344924,0.5254321197575573,0.7773079877727642,4,LDA,4,4,3,3,3,3,3,3,3,3,2,1,1,3,0.048206297542415455
0.055499423396720426,0.17437035554270255,0.09735273970939906,0.07977058994908663,0.06513509016713927,0.11198823949134643,4,SLDA,1,1,0,0,0,0,0,0,0,0,0,0,0,3,0.029134017672614365
0.045229360761650496,0.9945497085140969,0.5802853298520051,0.662409020373638,0.2238304931047469,0.9754080665058931,5,Ours,4,4,4,3,3,3,3,3,3,3,2,2,2,3,0.11636720239935645
0.23816969889514036,0.9997356133367896,0.7096967711547121,0.7696988516835086,0.7446951487066947,0.796184543151427,5,LDA,5,5,5,4,4,4,4,4,4,4,4,1,1,3,0.07336439360699905
0.0028502317851268263,0.4701810113574913,0.16608021232676506,0.08854205337071926,0.03007690654824086,0.23875085857224704,5,SLDA,2,2,2,1,1,1,1,1,0,0,0,0,0,3,0.04322225297368054
0.05330860714017964,0.9949434420753057,0.5917747957476007,0.6459589448369686,0.2668733409164169,0.9639652581992038,6,Ours,5,5,5,4,4,4,3,3,3,3,3,3,3,3,0.12448110586628681
0.036103794733378235,0.9996588837948903,0.601839755409861,0.7626529489223797,0.3701711228803799,0.7986328186454137,6,LDA,5,5,5,4,4,4,4,4,4,4,4,2,1,3,0.06872588808803239
0.01956976787640902,0.32360190599138383,0.08334854523391132,0.03374861271158479,0.025768067809125668,0.05817301763104583,6,SLDA,1,1,1,1,1,0,0,0,0,0,0,0,0,3,0.026302092327904012
0.006926495178460162,0.9954380364557034,0.5911733049353531,0.6279038309181604,0.32351603625621683,0.9304563497413572,7,Ours,6,6,6,6,5,5,4,4,4,4,3,3,2,3,0.12492621392580838
0.03625254147491778,0.9863587336749862,0.6099306286241392,0.713671687252868,0.46248432890802804,0.8041313900750728,7,LDA,6,6,6,6,5,5,5,5,5,5,4,2,1,3,0.04073326333625893
0.011058335843255178,0.2691543726461944,0.11210525143530857,0.1068322966349629,0.032557618790978765,0.166288258670395,7,SLDA,4,2,2,1,0,0,0,0,0,0,0,0,0,3,0.0324352982101588
0.06171254638593433,0.9954986929981116,0.7037414546505234,0.8199261543467552,0.6101536000269292,0.964900296755125,8,Ours,7,7,7,7,6,6,6,6,6,6,6,4,3,3,0.10137813001035993
0.16038251877049345,0.9990371353468673,0.689984939573335,0.76022585756299,0.5566079202029062,0.9400553785886219,8,LDA,8,8,7,7,6,6,6,6,6,6,5,3,3,3,0.03606596375476342
0.0019982859145523607,0.41487968021272215,0.12277529015996824,0.05835376421167683,0.04639667442073662,0.17703758687128623,8,SLDA,3,3,2,1,1,1,1,0,0,0,0,0,0,3,0.019428165818712113
0.13523415241440212,0.994914403094172,0.6071863521462866,0.743581880439787,0.19806724379634252,0.9856377538951635,9,Ours,9,8,6,6,6,5,5,5,5,5,5,4,4,3,0.14165932080162813
0.041498823108409966,0.9998430140932444,0.6539733418266759,0.5784943392747461,0.5411517478003185,0.9496161856187193,9,LDA,8,8,8,8,7,7,7,7,7,4,4,4,4,3,0.06323827569403001
0.01555254423536889,0.3092608161898075,0.09104500122235527,0.06711588354328096,0.026030093929555225,0.11934613361353257,9,SLDA,4,1,1,1,1,0,0,0,0,0,0,0,0,3,0.018602556259818152
0.130415653804767,0.9963316707321618,0.6426993830380041,0.7274408335864564,0.4405000367230547,0.825791788356578,10,Ours,10,9,9,9,9,8,8,7,6,6,6,4,2,3,0.17850050014276347
0.0074534592064256396,0.9997982232368312,0.6417482398147644,0.6732204417992602,0.5814096911803471,0.9552956949493177,10,LDA,8,8,8,8,8,8,8,8,8,6,4,4,4,3,0.06608983839293352
1.0247922195556018e-4,0.4858560896493003,0.10742661138979323,0.051055860788018145,0.033761480176885815,0.11699504572347091,10,SLDA,3,2,1,1,1,1,1,1,0,0,0,0,0,3,0.01513050816479081
0.03778107686598455,0.9961915670295918,0.6151900818191375,0.7201723529998297,0.34606667668865376,0.8865056421926454,11,Ours,10,9,9,9,8,8,8,7,7,7,6,4,2,3,0.1640459479450688
0.011706223263911915,0.9998901671804291,0.6147093338808843,0.6371715946806222,0.29030248359286204,0.9473178979455679,11,LDA,10,10,10,10,7,7,7,7,7,6,5,5,4,3,0.05938060601896546
5.176997851043181e-4,0.11818429610967301,0.04546931713636027,0.04773538418417319,0.011788532308054201,0.06933275631999135,11,SLDA,1,0,0,0,0,0,0,0,0,0,0,0,0,3,0.012612025051825123
0.04812574817637759,0.9963886137386618,0.6254020897204796,0.7197080127371984,0.3499536214475242,0.8732183141670892,12,Ours,11,11,10,10,9,9,8,8,8,8,6,4,2,3,0.16680610945997992
0.003142597455619318,0.9998955438602163,0.646842485212991,0.6985426878155911,0.5464265735980695,0.9315691337625818,12,LDA,10,10,10,10,9,9,9,9,9,9,6,5,5,3,0.06276317005961121
4.5260838464929886e-4,0.28730109338588256,0.08300187419628134,0.041921408107368524,0.012687757299375328,0.10280344830329038,12,SLDA,3,3,2,2,0,0,0,0,0,0,0,0,0,3,0.011152106489078049
0.13684979261940322,0.9968652837754428,0.6309247230454256,0.786262814460783,0.3521199953299324,0.8574548048893778,13,Ours,13,12,12,12,11,10,9,8,7,7,7,6,2,3,0.21308932412381365
0.005689366679377406,0.9998464402042748,0.5864085008333445,0.7336090678351194,0.2708375456432429,0.9091323368551404,13,LDA,11,11,11,10,9,8,8,8,8,7,7,5,4,3,0.07386709043472636
0.0013764508568763518,0.5143686346797219,0.11893464381574091,0.06564612036765081,0.013677890193997618,0.1381690322949466,13,SLDA,4,3,3,2,2,1,1,1,1,0,0,0,0,3,0.013959429503009494
0.030026469521293897,0.9962963058834167,0.5713347212363055,0.6669757946495581,0.2963986158472742,0.8493412980564103,14,Ours,11,11,11,10,10,10,10,10,8,8,5,5,2,3,0.14952197256939778
5.893940078571113e-4,0.9998398993749363,0.5437126896243856,0.5529246539072226,0.24133097949252452,0.8877730304356461,14,LDA,12,12,11,9,9,9,8,7,7,7,6,5,4,3,0.06542634084369531
0.0018463302575029517,0.23220583686666882,0.07481452493755898,0.045919898726491507,0.026499887123344668,0.10104791568716529,14,SLDA,4,3,1,0,0,0,0,0,0,0,0,0,0,3,0.012318977763283626
0.0013189544636531044,0.9967952272297605,0.5586488229750829,0.6697350256841474,0.29910341893084724,0.7883692984789454,15,Ours,13,13,13,13,11,9,9,9,9,9,6,4,2,3,0.1812684691221143
0.0025049046322859277,0.9998947210617946,0.6033406903224505,0.7455461903358976,0.3164072672576972,0.9222786341529319,15,LDA,13,13,13,13,12,10,10,10,9,8,8,5,5,3,0.05809083890698514
3.7756337294706465e-4,0.1725809889751341,0.06385377397646796,0.04577245598851128,0.02582732800614746,0.10414686558838397,15,SLDA,4,1,0,0,0,0,0,0,0,0,0,0,0,3,0.011433538234925981
0.03153423747456751,0.9971521602340623,0.5675949619132423,0.6460302025332691,0.2438973432840822,0.8261337353443704,16,Ours,14,13,13,12,11,11,11,11,10,9,7,5,3,3,0.15361113261775153
0.007627473212936304,0.9998998130337158,0.6641047009812515,0.7806591631755972,0.4044851857851372,0.9285261735792427,16,LDA,14,14,14,14,14,13,12,11,10,10,10,7,6,3,0.06231744688113377
7.365873476239611e-4,0.2000047129298578,0.06660081437647007,0.042126162097738146,0.03126070076232793,0.07922129519459406,16,SLDA,4,2,1,0,0,0,0,0,0,0,0,0,0,3,0.008484459620674083
0.01856956710873943,0.9946373014464337,0.4919437305839974,0.46262432319681895,0.24059694515277918,0.7286308123216263,3,Ours,2,2,2,2,2,2,2,2,1,1,1,1,1,4,0.059423928557676385
0.04110852805512775,0.9797814043605112,0.5151247375452871,0.5244842802202222,0.282796404137675,0.7521328422903667,3,LDA,2,2,2,2,2,2,2,2,2,1,1,1,1,4,0.14554980491229327
0.05200202459215469,0.15238112225690328,0.08645521654028887,0.05498250277180863,0.053492263681981664,0.10368181251435596,3,SLDA,1,1,0,0,0,0,0,0,0,0,0,0,0,4,0.025880761920004925
0.04088648107108802,0.996430714351177,0.5995822809972062,0.6805059642832798,0.2900826894210013,0.9900055558594848,4,Ours,3,3,3,3,3,3,2,2,2,2,2,2,2,4,0.23994863797545865
0.03755488635734828,0.9722235966166827,0.4001361471275872,0.2953830527681589,0.05946985337279395,0.6360493465229522,4,LDA,2,2,2,2,2,2,2,2,2,1,1,1,1,4,0.1282468274377549
0.01921099744760961,0.3415363074287977,0.11161351078412604,0.04285336913004842,0.023156515175850125,0.13131036473832433,4,SLDA,1,1,1,1,1,0,0,0,0,0,0,0,0,4,0.038169896138753164
0.03649185213339694,0.9970917635472111,0.5287147722960972,0.5744210966605664,0.04558516782520883,0.9899839813141026,5,Ours,3,3,3,3,3,3,3,3,3,2,2,2,2,4,0.2353157753487934
0.07415353280120013,0.9976020301630272,0.5604920748027219,0.5032739211465477,0.4269883092127846,0.80044258069005,5,LDA,4,4,4,4,4,4,4,3,3,2,2,2,1,4,0.11195031374386577
0.039049002418404366,0.09244102276335923,0.06270114734340865,0.05372543991737306,0.04217160196280787,0.08611866965509873,5,SLDA,0,0,0,0,0,0,0,0,0,0,0,0,0,4,0.026921080941737792
0.03874946136300955,0.9970620793854494,0.5552823413979749,0.5037287827560872,0.36752011797029055,0.850662980003165,6,Ours,5,5,5,5,5,4,4,4,3,2,2,2,2,4,0.24099624918146503
0.006252630892646803,0.9995049279148923,0.46941814133944787,0.4793147491786178,0.15785708580045743,0.7208916319427857,6,LDA,4,4,4,4,4,4,4,3,3,2,2,1,1,4,0.09387499320330907
0.013287333933644991,0.14340512031584615,0.06638433793315664,0.04517334132524153,0.03793039221567884,0.09810644647116615,6,SLDA,2,0,0,0,0,0,0,0,0,0,0,0,0,4,0.02811232415352262
0.0023223813287027964,0.9988394857963239,0.4724850144033864,0.368418720912988,0.2241263748145571,0.7447808815782879,7,Ours,5,5,5,5,5,5,3,3,3,2,2,2,2,4,0.1849917682260921
0.0016056817732000655,0.9996136851222452,0.5122403525302727,0.5264892040920347,0.2794459027566448,0.7495410456055696,7,LDA,5,5,5,5,5,5,5,5,4,3,3,1,1,4,0.0951788252464062
0.0064297186102873485,0.09538630945902854,0.058100950989584975,0.06568983595980532,0.03476406468383972,0.08483633176514709,7,SLDA,0,0,0,0,0,0,0,0,0,0,0,0,0,4,0.02046980619148257
0.04431437718657184,0.9987368302902293,0.49730678298732006,0.46312430445776753,0.14222317000694606,0.8316605401583604,8,Ours,6,6,5,5,5,5,5,4,3,3,3,2,2,4,0.14039630851706777
0.0016862669413348214,0.9995391563874405,0.5414007603818278,0.546291115323992,0.37049403588161006,0.8155358040412605,8,LDA,6,6,6,6,6,6,6,6,5,3,3,2,2,4,0.09645787946754135
0.006150430896202756,0.25047828941005756,0.1159351785479425,0.10346187879667396,0.025372731646312784,0.19359765397673848,8,SLDA,4,4,2,1,0,0,0,0,0,0,0,0,0,4,0.020673435568366396
0.013475066361804205,0.9983630823427629,0.5255499081728615,0.6393155399176171,0.14920248772300923,0.9104775791908982,9,Ours,7,6,5,5,5,5,5,5,5,5,4,4,3,4,0.11224021552040725
0.0035637833957546617,0.9998047126673832,0.5330896689176313,0.5534425353273349,0.07878346422856211,0.9370223005841506,9,LDA,6,6,6,6,6,6,6,6,6,4,3,3,3,4,0.08466956310896198
0.015951370842849748,0.1461344426921235,0.06738211887313064,0.04527473304634188,0.02741580382078274,0.10620730607680202,9,SLDA,3,0,0,0,0,0,0,0,0,0,0,0,0,4,0.016564269092740266
0.01817071532190818,0.9978638242684835,0.5362499733272243,0.671329030294169,0.1602205981552306,0.8480337700237276,10,Ours,8,7,7,6,6,6,6,6,6,5,5,3,1,4,0.1550337204427324
0.0019279453211327484,0.9996561562038507,0.5099864825563833,0.5511218318333648,0.3159827589735392,0.6136469691575025,10,LDA,8,8,8,8,7,7,7,7,7,3,2,2,2,4,0.07596980620666675
6.739408306161542e-4,0.20661227851065733,0.0835946530371824,0.07180199511237818,0.02047926349901564,0.14722536298141445,10,SLDA,3,3,1,0,0,0,0,0,0,0,0,0,0,4,0.013242013620065421
7.742599646922167e-4,0.9979342657861501,0.5218986865198607,0.7175851972582025,0.16065481234884207,0.8050297665261187,11,Ours,9,8,8,7,7,6,6,6,6,6,6,3,2,4,0.15473101092000124
0.0030304606295928076,0.99968633886366,0.6080301717417235,0.7789408957912601,0.34782033070502616,0.926956474359627,11,LDA,9,9,9,9,8,8,8,7,7,6,6,5,4,4,0.08388604909275964
2.466338532090521e-4,0.25477859161883953,0.08870318491642323,0.05883086328998656,0.013271648854391537,0.1679586495782096,11,SLDA,4,3,3,1,0,0,0,0,0,0,0,0,0,4,0.011392914931114802
0.047984771552859615,0.9979696918412335,0.5243757691314095,0.6063226941876427,0.22217159762976146,0.7723884765403763,12,Ours,9,9,9,9,8,7,7,7,7,6,6,3,2,4,0.1524402954686563
0.027523960293967933,0.9996369864593402,0.5624827278180672,0.6104342077802944,0.23671456395163246,0.8869303272978502,12,LDA,9,9,9,9,8,8,8,7,7,6,5,5,3,4,0.08460871734544813
0.0018195568888967604,0.5226874827266795,0.12701318880311147,0.05107940300734134,0.02199808048082394,0.13257121138752873,12,SLDA,4,3,2,2,2,2,2,2,1,0,0,0,0,4,0.011609597180839596
0.004167873805791019,0.9979592403893711,0.5422909967525904,0.5066043772287532,0.2829677427976358,0.8341397699886336,13,Ours,11,11,10,10,9,9,8,8,7,6,6,4,3,4,0.1458290222865999
0.09860746731881599,0.9998577896968384,0.5438663259909386,0.460062720297677,0.3675496106761989,0.7353118373965841,13,LDA,12,11,10,10,10,10,9,7,6,6,5,3,3,4,0.0996038150347479
5.9812551524738025e-5,0.7344922986033059,0.12953539351381238,0.04128034229787054,0.01941321840394462,0.17814320355029775,13,SLDA,4,4,3,2,1,1,1,1,1,1,1,0,0,4,0.012215466269700544
0.004399710931396669,0.9974124417414414,0.5286911474408822,0.5762865495249536,0.22070919074255319,0.8399004424332754,14,Ours,11,10,10,10,10,10,10,9,8,7,5,4,3,4,0.1516804765288273
2.2722064290978957e-4,0.999873013163121,0.5400713770952265,0.5916435504650581,0.3045288774123359,0.7571704249092285,14,LDA,13,12,11,11,10,9,8,8,8,6,5,3,3,4,0.09358608881547213
0.004166706819293305,0.27001756681276734,0.08479928119133312,0.06747371706965329,0.022401561697589816,0.11186145553337842,14,SLDA,4,3,1,1,0,0,0,0,0,0,0,0,0,4,0.010992287944903407
0.0044861346179487565,0.9976868865020078,0.5483116904958855,0.5278977266501073,0.2577677888538102,0.8844105209170858,15,Ours,13,11,11,11,11,11,10,9,8,7,6,6,3,4,0.1671681793170857
0.19150682503137767,0.9999289272267846,0.6347274514095265,0.5985552500380837,0.48149165202292443,0.9118015124216015,15,LDA,15,15,14,13,13,12,12,12,10,7,6,5,4,4,0.10236192416265448
6.777063976824924e-5,0.5592466826030197,0.0941954707308671,0.0238409511950342,0.012655719385381358,0.10128079198414561,15,SLDA,5,3,2,1,1,1,1,1,1,0,0,0,0,4,0.01024301871373331
0.006579952375769948,0.9978363670936253,0.4823434701286759,0.46362673573821256,0.15086255657463077,0.7921074127566221,16,Ours,14,12,11,10,10,9,8,8,8,7,6,4,1,4,0.16895559985875613
0.08876086896756948,0.9999028075649267,0.6424253564403996,0.6256414656819203,0.45679697463503477,0.9329719758980242,16,LDA,15,15,14,14,14,13,12,12,11,8,7,7,5,4,0.0839187048634044
5.379122063316592e-4,0.1464229038132503,0.048184153267815034,0.04895848732730052,0.008095572477852158,0.06925424060530924,16,SLDA,1,0,0,0,0,0,0,0,0,0,0,0,0,4,0.007625002907710526
0.5789918161087958,0.995890638653836,0.8447720649314007,0.9594337400315703,0.7692127780701831,0.9776621893427031,3,Ours,3,3,3,3,3,3,3,3,3,2,2,2,2,5,0.1134995347268221
0.7388038902201745,0.9836533673718739,0.899280757673097,0.9753850154272425,0.8570944528237086,0.9795191913995582,3,LDA,3,3,3,3,3,3,3,3,3,3,3,2,2,5,0.053153173659661324
0.11246776634881381,0.32875027509118404,0.200154209665582,0.15924458755674817,0.135856176952781,0.24399743132396612,3,SLDA,3,2,1,1,1,0,0,0,0,0,0,0,0,5,0.04487768884717556
0.06233782226207862,0.9934670579271239,0.6102591492165981,0.6926158583385951,0.31572556925652834,0.9871494382986649,4,Ours,3,3,3,3,3,3,3,2,2,2,2,2,2,5,0.18504989252747994
0.4325051531135983,0.9991358587002109,0.7513550143767321,0.7868895228465598,0.5479160296003597,0.9903285076229321,4,LDA,4,4,4,4,4,4,4,3,3,2,2,2,2,5,0.07239741955698502
0.023492748609551837,0.386940414705045,0.1306915681052551,0.056166554553211755,0.027259577816208844,0.159598544842258,4,SLDA,1,1,1,1,1,1,0,0,0,0,0,0,0,5,0.04736886809058785
0.2032904078105642,0.9973847328348072,0.6603558772057653,0.5671647034315569,0.5373162936452417,0.9966232483066566,5,Ours,5,5,5,4,4,4,4,4,4,2,2,2,2,5,0.1298552670953515
0.004397757458491348,0.9990981709728229,0.5821387611656176,0.5612843915203762,0.4228193845698258,0.9230941013065718,5,LDA,4,4,4,4,4,4,4,3,3,2,2,2,2,5,0.08449841613450468
0.012111162954677145,0.20364294953755452,0.07947850445069649,0.052460329374722746,0.038273268744678846,0.0909048116418492,5,SLDA,1,1,1,0,0,0,0,0,0,0,0,0,0,5,0.02867915617123548
0.0330319828929275,0.9974840563803724,0.679871427234053,0.782301946024588,0.5249944632614462,0.9792379838122294,6,Ours,5,5,5,5,5,5,5,5,4,4,3,3,3,5,0.12191604333043156
0.29180070296708605,0.998910110443778,0.648335084466389,0.6055296493493643,0.4631914257451407,0.8807536949460975,6,LDA,6,6,6,6,5,5,5,4,4,3,2,2,2,5,0.05675205515078998
0.004190695329434974,0.20529881400225344,0.09001731555758818,0.06398736664880258,0.03879205887596224,0.1451813624856157,6,SLDA,2,2,1,0,0,0,0,0,0,0,0,0,0,5,0.03220092771429268
0.004720274321790347,0.9962988065722999,0.6258666357352368,0.8548594788768535,0.3017206415208141,0.9608733036670429,7,Ours,5,5,5,5,5,5,5,5,5,4,4,4,3,5,0.11376287555007046
0.27227741716290277,0.9985353096696433,0.7497984761975449,0.8045929555976542,0.6227839322998885,0.9638078931764187,7,LDA,7,7,7,7,6,6,6,6,6,5,4,4,3,5,0.038993115527089665
0.0032484359349450103,0.2010607430216199,0.08140394702429567,0.04449151351367734,0.027256661668411168,0.13325680668150255,7,SLDA,2,2,1,0,0,0,0,0,0,0,0,0,0,5,0.024146479575282386
0.030277643601239464,0.9969275183885734,0.6552899055436696,0.8023483220346802,0.45820095821440465,0.934590325064973,8,Ours,7,6,6,6,6,6,6,6,6,5,5,4,3,5,0.12859613328297148
0.254819845947176,0.9976044706062049,0.7426058728600025,0.8619882067466285,0.5819160726476604,0.9832276143446415,8,LDA,8,8,8,8,7,6,6,6,6,6,5,4,4,5,0.04020256225214869
0.007400936511742808,0.1820415500365415,0.07022676784617196,0.056221374332734095,0.012213403290702893,0.11659770822872738,8,SLDA,3,1,0,0,0,0,0,0,0,0,0,0,0,5,0.020216763052754612
0.04987031679542239,0.997177545430948,0.6484468818017244,0.8000161616524849,0.32878817761918055,0.9254055498990527,9,Ours,8,8,8,8,8,6,6,6,6,5,5,5,3,5,0.12579938215930048
0.05423776957154043,0.9957688864897278,0.5950904848683916,0.7484882681939387,0.17738330867800747,0.9398792570759642,9,LDA,7,7,6,6,6,6,6,6,6,6,5,3,3,5,0.057840449304444014
0.0013907248504585442,0.438970482580722,0.11155653418217831,0.038146206443870664,0.02452819594439288,0.155266881605962,9,SLDA,3,3,2,1,1,1,1,0,0,0,0,0,0,5,0.017832039375635614
0.0632917366198906,0.9967574734588481,0.6878995976308597,0.8104613057159149,0.5718491513879385,0.9008834964361906,10,Ours,9,9,9,8,8,8,8,8,8,7,6,5,3,5,0.11864273543403922
0.0013491983496069055,0.9972803310259304,0.6181427889845027,0.6779754926767987,0.41755721860325656,0.9048744470243887,10,LDA,9,9,9,9,8,8,8,6,6,6,5,4,3,5,0.06259868674732404
4.1672543412620634e-4,0.1934905110351456,0.06241752932790884,0.028881143431707203,0.023094396221127626,0.08239903009309207,10,SLDA,2,2,0,0,0,0,0,0,0,0,0,0,0,5,0.012280376585200944
0.029938290780351217,0.9952764955925338,0.6412295796809084,0.6728587416982348,0.5284169270532335,0.8774449794602057,11,Ours,9,9,9,9,9,9,8,8,8,8,5,5,3,5,0.13126374864239881
0.00893157728996563,0.999591708673592,0.6179181342252746,0.5897515128503709,0.405717896205096,0.8501237526477192,11,LDA,10,10,10,10,10,9,8,8,7,5,5,5,2,5,0.07183861397703059
0.006766909109656864,0.19828639280577537,0.062042145178837424,0.0363121160345822,0.01904200783099329,0.06453026405598089,11,SLDA,2,2,0,0,0,0,0,0,0,0,0,0,0,5,0.015987741584133564
0.027771003074411358,0.9962868241151439,0.6285006685597738,0.7083560764607058,0.5024625252477953,0.8775992650256959,12,Ours,10,9,9,9,9,9,9,9,9,9,7,5,3,5,0.14233911317583628
0.1184988466256461,0.9997937774261029,0.6084768583248559,0.5769226930228726,0.46560772352010305,0.7795151184863993,12,LDA,12,11,11,11,11,11,11,9,7,5,4,3,2,5,0.07753075802552035
8.68238582129821e-5,0.2424528901585931,0.09055839992695926,0.07034564779315525,0.015858740653975564,0.1408710522719437,12,SLDA,4,3,3,0,0,0,0,0,0,0,0,0,0,5,0.012177834859668614
0.07068559129739896,0.9963169653184751,0.6135992565758355,0.7247003578315918,0.2621597634020135,0.838157898869922,13,Ours,11,11,10,10,9,9,9,9,9,9,8,5,2,5,0.1510242230406878
0.29879096608412914,0.9997898671878628,0.7002492370205572,0.7970943712259464,0.3372554731070315,0.9829403394077152,13,LDA,13,13,13,13,12,9,9,9,9,8,8,6,5,5,0.06869685667996807
6.700180002993001e-4,0.5881460194772606,0.13466359859393673,0.05483101815422739,0.011805391178545234,0.12973087895662774,13,SLDA,6,3,3,3,2,1,1,1,1,0,0,0,0,5,0.010544480220796923
0.0012485697262972645,0.9981600477198209,0.5768915980579739,0.7328450629227627,0.25780229671663146,0.8111239463128191,14,Ours,11,11,10,10,10,10,10,10,9,9,8,5,2,5,0.14689192913558516
0.023290273001441937,0.9997869659023915,0.6772732682929554,0.8208996234602897,0.4375842702485617,0.9797590506480742,14,LDA,12,12,12,12,12,12,10,10,10,9,8,8,5,5,0.05413161893016072
6.187643835328363e-4,0.31479572336278133,0.08507492139664181,0.039636075553732095,0.026094113748233876,0.10429310316500869,14,SLDA,4,3,2,1,1,0,0,0,0,0,0,0,0,5,0.01310396734916963
0.015904057420286558,0.9944885996286223,0.5707069232736083,0.5809775493559397,0.27627145890562577,0.8925562417459005,15,Ours,13,12,12,11,11,11,10,9,9,7,6,6,4,5,0.13566144302187938
2.450066506217882e-4,0.9998309170193952,0.6040544161040394,0.7370514027356011,0.23330478692221757,0.987044572615163,15,LDA,12,12,12,10,10,10,10,10,9,9,8,6,6,5,0.056277011242191255
0.0014079300430556647,0.27904924468787523,0.0872087258168441,0.07570836710274745,0.01898405972096964,0.13276761119844188,15,SLDA,7,2,1,1,0,0,0,0,0,0,0,0,0,5,0.011555366039493236
0.062365403948343744,0.9976556317492564,0.5915026723348584,0.6485465211428978,0.29321041320041513,0.8954400463894768,16,Ours,14,14,12,12,12,11,11,11,11,9,7,6,3,5,0.1529425173887306
0.0019274807418589327,0.9998288820213548,0.6035741576934662,0.7031093577128374,0.20274801392467168,0.9850529298697533,16,LDA,14,13,12,11,11,11,11,11,10,9,8,6,6,5,0.058157751830138195
0.3296237534094684,0.9931894807581946,0.7498756352652582,0.9268136716281117,0.62821871251879,0.9600015761931531,3,Ours,3,3,3,3,3,2,2,2,2,2,2,2,2,6,0.11178908440594067
0.11354566727943063,0.994198978846009,0.6120126013777423,0.728293158007787,0.4209194126436088,0.8612460684268981,3,LDA,3,2,2,2,2,2,2,2,2,2,2,1,1,6,0.14428430951466376
0.05277148755679439,0.8126933437682828,0.3085943642378997,0.060318261388621924,0.05654487447270816,0.4365058025784524,3,SLDA,1,1,1,1,1,1,1,1,1,1,1,1,0,6,0.034660512074636794
0.2572670410611992,0.9943437976115849,0.6303814884863354,0.6349575576362786,0.3257213312824319,0.9396177148401821,4,Ours,4,4,4,4,3,2,2,2,2,2,2,2,2,6,0.18329994418364007
0.10828374564899279,0.9952270385139684,0.7238083448711857,0.8958612976608908,0.6615068466609763,0.9581627958711003,4,LDA,4,3,3,3,3,3,3,3,3,3,3,3,2,6,0.06865493453712883
0.03507346011595742,0.6089244430813738,0.20491214202307173,0.08782533244747785,0.06981672780387964,0.22292074666666994,4,SLDA,1,1,1,1,1,1,1,1,1,1,0,0,0,6,0.04507950476305774
0.07075423625621266,0.994476975168437,0.5754332346597918,0.5621885280695604,0.32209150154089894,0.92765493226385,5,Ours,4,4,4,4,4,3,3,3,3,2,2,2,2,6,0.16868539156235465
0.1752527214759648,0.9992033997228266,0.6559604301156651,0.8538581549518451,0.25427191317153963,0.997215961256149,5,LDA,5,5,4,4,3,3,3,3,3,3,3,3,2,6,0.05604916179276662
0.039241491597667474,0.5052543512614626,0.2196292684099425,0.2377274812048028,0.04813931273431578,0.2677837052514639,5,SLDA,3,3,3,2,1,1,1,1,1,0,0,0,0,6,0.04424942983186149
0.058872820153404774,0.9941460407044883,0.5363905144906137,0.4843816553513006,0.23631336807463824,0.9032981461384032,6,Ours,5,5,5,4,3,3,3,3,3,3,3,2,2,6,0.12518744031927553
0.25469019950512417,0.9995215874305681,0.6400873797908764,0.6495493753207777,0.3127564857381822,0.9774285077982146,6,LDA,6,6,6,6,4,4,3,3,3,3,3,3,3,6,0.07142781591363763
0.0025463354734337794,0.278173250644058,0.09626557994761492,0.08394175109479776,0.027846737998667943,0.11086693108268261,6,SLDA,3,1,1,1,0,0,0,0,0,0,0,0,0,6,0.03788373301799153
2.1482815076488343e-4,0.9950337526924437,0.6396616071776222,0.936222126709603,0.3167618848022331,0.9563183865430389,7,Ours,5,5,5,5,5,5,5,5,5,4,4,4,4,6,0.12808489920617747
0.15581801072157989,0.9958057096000605,0.6260029615724613,0.7313386136905946,0.34906805553148224,0.9004611429660145,7,LDA,7,7,6,6,5,5,5,4,4,4,4,3,2,6,0.0997052838369469
0.003355600156426789,0.27510662946122555,0.12507680375210276,0.11528033236006952,0.03854010539016495,0.20235742675333376,7,SLDA,4,3,2,1,0,0,0,0,0,0,0,0,0,6,0.02876951082692549
0.034146588280490095,0.9950410354890209,0.7296327631310945,0.8977244724605865,0.5576022767533165,0.9529287362380454,8,Ours,7,7,7,7,7,7,7,7,7,5,5,5,4,6,0.1290274248594598
0.18423535367474936,0.9993231056914664,0.7020704801800717,0.7415477144270448,0.556916817369806,0.9069697805974533,8,LDA,8,8,7,7,7,7,7,7,7,5,4,3,2,6,0.07703926974564464
0.0232204308152859,0.24898190088193684,0.10504438214840807,0.0840552773312887,0.04815543798570455,0.13458172797391466,8,SLDA,3,2,1,0,0,0,0,0,0,0,0,0,0,6,0.02436742488500255
0.03378086346644678,0.9949732820847481,0.6932992701327945,0.8558761316490056,0.4444784803594248,0.9513937053705765,9,Ours,8,8,8,7,7,7,7,6,6,6,6,6,4,6,0.13494619538019237
0.016103218346099145,0.9995229794389934,0.6244198110125522,0.8091147664212708,0.21542357341921056,0.9202846503496944,9,LDA,8,8,7,6,6,6,6,6,6,6,5,5,3,6,0.07460538841412184
0.009680510415714128,0.2508344518513843,0.1150441352824507,0.09909193970530007,0.021062518228499253,0.1903108303191947,9,SLDA,4,4,2,1,0,0,0,0,0,0,0,0,0,6,0.020624284615753642
0.03473792530803211,0.9959114936760964,0.6435542540833643,0.7755818974455662,0.33265695767276304,0.9479267182547988,10,Ours,9,8,8,7,7,7,7,7,7,7,6,5,4,6,0.13270671646879734
0.10324837308441029,0.9995231368171422,0.6368394246088174,0.6959956574950937,0.4861562602010154,0.8160079378867149,10,LDA,10,9,9,8,8,8,8,7,7,6,5,3,2,6,0.08817597638098891
0.0031279601869500214,0.16630754278274346,0.06042518901020324,0.04190657791791993,0.014221278325106515,0.08970187124311847,10,SLDA,2,1,0,0,0,0,0,0,0,0,0,0,0,6,0.013208641384390754
0.0051433418427664235,0.9960889795162172,0.6386351887316891,0.7332956877912463,0.4222628865789566,0.9332538125367866,11,Ours,10,9,9,8,8,8,8,8,8,8,7,4,4,6,0.13639056263402374
0.039107573407044224,0.9997410011909769,0.6264608555928348,0.743844462594015,0.3588853767235351,0.8720748850294353,11,LDA,10,10,10,9,8,8,8,7,7,7,6,4,3,6,0.10396988513163337
0.01793007152812368,0.9965662049730334,0.6093212198526303,0.7269158372905734,0.21793029338008552,0.8755434776612536,12,Ours,11,10,9,8,8,8,8,8,8,8,8,5,3,6,0.14547090480026145
0.007335061787348544,0.9996601415444781,0.5905829778490664,0.7022754485395999,0.269875410782216,0.8524051662634737,12,LDA,11,11,10,9,8,8,8,8,8,7,6,4,3,6,0.11218950179873946
0.009619540318766787,0.26979022240282946,0.09552056554755217,0.05506782522847835,0.018989688436291566,0.16729931661023056,12,SLDA,4,4,2,2,0,0,0,0,0,0,0,0,0,6,0.014259829324698488
0.01728561435825015,0.9967854679752419,0.6301908131259756,0.7628011260288045,0.37357626138023164,0.8387848700404482,13,Ours,12,11,11,11,10,10,9,9,9,9,7,6,2,6,0.18252073752635986
0.06722256293496731,0.9996210844107022,0.7282369428530299,0.8585333725331866,0.6751927836476468,0.9630093075871716,13,LDA,12,11,11,11,11,11,10,10,10,10,9,8,5,6,0.07219128299066582
7.170098339814871e-4,0.6912481040026248,0.1118631483243269,0.05669290223753875,0.014753308842026525,0.0851350083628563,13,SLDA,3,3,2,1,1,1,1,1,1,1,0,0,0,6,0.012455006465173784
0.03091054734376157,0.9969464435269302,0.5752195541466489,0.6317087214662611,0.36680938548137887,0.7736225889170418,14,Ours,13,12,12,11,11,10,10,10,9,8,5,3,2,6,0.18709429883268916
2.037645163249576e-4,0.9994637246784178,0.6398234188215843,0.7071611689977111,0.30507375738874176,0.9729321325368436,14,LDA,13,13,12,10,10,10,10,10,9,9,7,6,5,6,0.08356772617314674
0.006747713612269975,0.17178215661011184,0.060365924654259065,0.0446150890696726,0.025679078854437397,0.0801085571042993,14,SLDA,3,2,0,0,0,0,0,0,0,0,0,0,0,6,0.010053217218601314
0.02657683778759109,0.9965786417155138,0.6135927507757546,0.7306108853490356,0.4491585458982046,0.8645985709077109,15,Ours,13,13,13,12,12,12,11,11,11,9,8,5,2,6,0.16341291782279108
0.055309696481281645,0.9998450825812063,0.5819609457479942,0.6186474480042092,0.34988816418934526,0.7689276258314555,15,LDA,14,13,13,12,12,11,10,10,9,9,7,3,3,6,0.08546217277291451
3.4514539182205607e-4,0.32114152182705935,0.05502473952074164,0.033169832440482584,0.01060090626506437,0.061440453323995725,15,SLDA,1,1,1,1,1,0,0,0,0,0,0,0,0,6,0.007871376951522993
0.026821165236861833,0.9965629088662851,0.5680191065685242,0.5725458325089472,0.2929182373047756,0.8663628493423575,16,Ours,13,13,13,12,12,11,11,11,10,8,7,6,4,6,0.1684827498804844
0.01583327675770605,0.9998814507177052,0.663117741790503,0.7621538907099921,0.5028115528234053,0.876570633806049,16,LDA,15,15,13,13,13,13,13,12,12,11,10,7,4,6,0.07742709873911627
0.19069959907091147,0.9971091885334527,0.6055239182964975,0.6287629672851286,0.40973128317802004,0.8129360779092907,3,Ours,3,3,2,2,2,2,2,2,2,2,1,1,1,7,0.11501696420091612
0.018218114129119882,0.9629445752822066,0.5283292974211367,0.6038252028520836,0.31102165849060176,0.7833848890671451,3,LDA,2,2,2,2,2,2,2,2,2,2,1,1,1,7,0.09084020715243075
0.13052888367845217,0.4102695240169194,0.2618523621080793,0.24475867862886616,0.18764378115365915,0.32751410132289277,3,SLDA,3,2,2,1,1,1,1,0,0,0,0,0,0,7,0.044105047052562664
0.06674240024409568,0.9979613682126758,0.6483977249102587,0.7644435655921317,0.492723794486082,0.9201174960163083,4,Ours,3,3,3,3,3,3,3,3,3,3,2,2,1,7,0.18597352112756857
0.023545939194990203,0.9985603427392461,0.5811537003807914,0.6512542597944646,0.45954077261003623,0.7728671875652199,4,LDA,3,3,3,3,3,3,3,3,3,3,1,1,1,7,0.08617645474164266
0.01848206246655208,0.21412113303476052,0.1292667005087668,0.1422318032668773,0.07160738859562511,0.199891115180019,4,SLDA,2,2,1,0,0,0,0,0,0,0,0,0,0,7,0.056417989854798706
0.011172641292394352,0.9978416033531349,0.6290289309244891,0.7481434925116695,0.6314008005484812,0.7565861169167656,5,Ours,4,4,4,4,4,4,4,4,4,4,3,1,1,7,0.14198927464369238
0.017296001587816103,0.9997314139141472,0.508121678538887,0.6121721649393841,0.09154383238066932,0.8198649798724181,5,LDA,3,3,3,3,3,3,3,3,3,3,2,2,1,7,0.08577348768629171
0.0010141654526220868,0.2402056278160441,0.08356945962367336,0.046420865693805026,0.02861446158121641,0.10159217757467921,5,SLDA,2,1,1,0,0,0,0,0,0,0,0,0,0,7,0.03296764812163758
0.01060233451230044,0.9976188126404515,0.631037085601424,0.8848820767551813,0.24850250381519862,0.9501164442714645,6,Ours,4,4,4,4,4,4,4,4,4,4,4,4,3,7,0.10974391142947967
0.09047966306939065,0.9999133475428944,0.5737999210919011,0.6337857621453507,0.47356321602174245,0.6569559087872481,6,LDA,5,5,5,5,5,5,5,4,4,4,1,1,1,7,0.11129713064251855
0.027814497297146107,0.27138522495211354,0.10586333271429918,0.04947265834824079,0.03854801631104372,0.16396453086811705,6,SLDA,2,2,2,1,0,0,0,0,0,0,0,0,0,7,0.02761928541233558
0.005910447415686996,0.9988665200056309,0.29729552268341825,0.09214323361194551,0.042532847151291825,0.44954138172404035,7,Ours,3,3,3,2,2,2,2,2,2,2,1,1,1,7,0.1297053490035542
0.0032045459773190114,0.999894219060806,0.4801818325619079,0.4162829517218632,0.3051869374999491,0.6657586180867345,7,LDA,6,6,6,6,5,4,4,3,3,3,2,1,1,7,0.09989313940127129
0.019908981520539003,0.1699075098853917,0.06399969806859523,0.025190728940462738,0.022551608534191213,0.09394372453269541,7,SLDA,2,1,0,0,0,0,0,0,0,0,0,0,0,7,0.027963898900673707
0.010229644717502361,0.9975326186211165,0.6305978596277473,0.7940644511761588,0.3461575206353906,0.9675288944581804,8,Ours,6,6,6,6,6,6,6,5,5,5,5,4,3,7,0.12083266649113071
0.023717775385457503,0.9998857481128708,0.586924672737298,0.6893978039531868,0.26985625715574063,0.8588028516337269,8,LDA,7,7,7,7,5,5,5,5,5,5,4,3,2,7,0.10299963488374521
0.008767680365753774,0.21596660520676167,0.081549890592337207,0.0852044803824486,0.019022863733255808,0.11073939695107392,8,SLDA,3,1,1,0,0,0,0,0,0,0,0,0,0,7,0.022503246962015507
0.03909155297637585,0.9984018651601064,0.641882729465645,0.8238055548540564,0.20783201279391447,0.9680048800392137,9,Ours,7,7,7,6,6,6,6,6,6,6,6,6,3,7,0.1473574569582835
3.270751524648259e-4,0.9993719146925855,0.5124955628907814,0.6302154024556624,0.06469632519004981,0.7662896595692935,9,LDA,6,6,6,6,6,6,6,6,6,6,3,2,1,7,0.082815913057959
0.011194283397507438,0.7109984418440597,0.1870898914290682,0.09329160955698113,0.02693013454721696,0.321389550738908,9,SLDA,4,3,3,3,3,1,1,1,1,1,1,0,0,7,0.02227080995225203
0.02784121163291554,0.9981602258006289,0.5980886295749587,0.8441645599813674,0.17600239243861648,0.8774268428507167,10,Ours,7,7,7,7,7,7,7,7,7,6,6,6,2,7,0.1195489785164053
3.0808427070232826e-4,0.9995772356099552,0.44203530431585303,0.5722392178530994,0.025758890642756587,0.7145245928260212,10,LDA,6,6,6,6,6,6,6,6,6,4,3,2,1,7,0.05299540458942616
0.006782630611306155,0.10251166745046074,0.0432582426398436,0.03271129711646662,0.014286802301300602,0.0666769948672993,10,SLDA,1,0,0,0,0,0,0,0,0,0,0,0,0,7,0.012535873302388997
0.012210589920782878,0.9982000927610931,0.5800788130254366,0.7116197024554117,0.2893572874612789,0.8719716392748238,11,Ours,8,8,8,8,8,8,8,8,8,7,6,4,2,7,0.13444121673409193
9.946331968156012e-5,0.999912597907823,0.4751067054963302,0.6392755955807482,0.09358309639326365,0.7429129850862104,11,LDA,8,8,7,7,7,7,6,6,6,6,3,2,1,7,0.08453438192397505
3.8799481511839673e-4,0.22092462537550359,0.053627495292380464,0.041471784067968406,0.013106097901977188,0.05506275433688207,11,SLDA,2,1,1,0,0,0,0,0,0,0,0,0,0,7,0.009610385416415778
0.025307172453676804,0.9981294648887815,0.5501048392038431,0.6742449732877498,0.11181987703766173,0.8766542058161074,12,Ours,9,8,8,8,8,8,8,8,8,7,5,5,2,7,0.13259836605711273
1.1310089521011773e-4,0.999925773378907,0.4750012999306644,0.5080266407760399,0.11514976309524264,0.716611586367742,12,LDA,9,8,8,8,8,8,7,6,6,5,3,3,2,7,0.08665201917580091
0.0020592235926997667,0.193689149460016,0.06628959273796076,0.04777502229764587,0.01414176862121989,0.09550470006685494,12,SLDA,3,1,0,0,0,0,0,0,0,0,0,0,0,7,0.014878180831947491
0.014654806220203204,0.9980596841133913,0.5407502218770359,0.6728177354338538,0.10262324922114487,0.8850188602085829,13,Ours,10,8,8,8,8,8,8,8,8,8,6,5,2,7,0.14318813582254078
0.0018740155975942709,0.9997925517397773,0.6128390909873133,0.7512272701471961,0.34101740121078683,0.9675787978178404,13,LDA,11,11,11,10,10,9,8,8,7,7,7,6,6,7,0.058844221899628714
5.552887206782705e-4,0.17399760295144306,0.04210709344252502,0.014214869482759346,0.00586427631191078,0.045377296478692666,13,SLDA,2,1,0,0,0,0,0,0,0,0,0,0,0,7,0.006739721942941721
0.0075882466142035065,0.9982266701278111,0.5590242209927513,0.7335874194682628,0.11445328106244583,0.8783682961742498,14,Ours,11,9,9,9,9,9,9,9,9,9,7,7,2,7,0.15039450927026163
0.01472080071657403,0.9997429857650943,0.5776841217197751,0.5661697858176806,0.24164805528211297,0.955666917396246,14,LDA,12,11,11,10,9,9,9,9,9,7,6,6,5,7,0.057634129392494786
0.0015101122326604554,0.6111710998545075,0.09331004402091995,0.02471015668244471,0.007491818573734313,0.05656610344171238,14,SLDA,2,2,2,2,2,2,1,1,1,1,0,0,0,7,0.008047119684803882
0.007599064198672577,0.9981137974654667,0.5580657672656414,0.6734456624725159,0.2051954090817567,0.8850613039411156,15,Ours,12,11,11,11,11,10,10,10,10,8,6,5,2,7,0.15391378489987362
0.0018709219108078226,0.9999019609115758,0.546468046210934,0.5075163477232031,0.1916629436874835,0.9095629281340337,15,LDA,11,11,11,11,11,10,9,9,8,7,7,6,4,7,0.06816429803131713
8.726450192719372e-5,0.3970752220541428,0.11111701571225446,0.03440046463085385,0.011732044971389074,0.1631878246926591,15,SLDA,5,4,3,3,3,2,0,0,0,0,0,0,0,7,0.011147667337021532
0.012766303505716515,0.9981076990888663,0.53416700691131,0.613737170718537,0.2811154797275182,0.7604544351327436,16,Ours,12,12,12,12,12,11,11,10,10,9,5,4,2,7,0.1683182679181715
9.451738003005475e-4,0.9999173870510012,0.5201575029169149,0.5469121900991494,0.3046118357621455,0.74327603419124455,16,LDA,13,12,12,12,12,12,10,10,10,7,5,4,3,7,0.08063937929318753
9.499407027797523e-4,0.39010188840131615,0.06159932444263359,0.03448808788935762,0.019702493845917962,0.061414501352884995,16,SLDA,2,1,1,1,1,1,0,0,0,0,0,0,0,7,0.008295253744689833
0.60014810470671,0.9782166155121313,0.8344658375487694,0.9250327924274667,0.7625904485670884,0.951624703969799,3,Ours,3,3,3,3,3,3,3,3,3,3,2,2,2,8,0.09514662678374812
0.5126239320947346,0.9624831949281797,0.7452133046979897,0.7605327870710549,0.6365783595828947,0.8615079909996173,3,LDA,3,3,3,3,3,3,3,3,3,2,2,1,1,8,0.07936800381101228
0.09144424737927122,0.22932994619421634,0.16934201715046934,0.18725185787792048,0.13934805262859584,0.20829090203606843,3,SLDA,2,2,1,0,0,0,0,0,0,0,0,0,0,8,0.08133195681630406
0.0018195726168451787,0.9815917191624894,0.6516231522485024,0.8115406586073376,0.5262550640382334,0.9369087468176067,4,Ours,3,3,3,3,3,3,3,3,3,3,3,2,2,8,0.14259546315878435
0.22995867436465237,0.9410946529400843,0.7005688098344931,0.8156109560166178,0.6447256040935357,0.8714541617575752,4,LDA,4,4,4,3,3,3,3,3,3,3,3,2,1,8,0.08004088384063106
0.01794395947953818,0.27340720881476366,0.15766399518572233,0.16965240622429376,0.06423907316317201,0.26307732824684404,4,SLDA,2,2,2,2,0,0,0,0,0,0,0,0,0,8,0.06405894226234794
0.20285392100999886,0.9888688787120357,0.7664537766380523,0.9299855440057149,0.7300481602143643,0.9805123792481477,5,Ours,5,5,5,4,4,4,4,4,4,4,4,3,3,8,0.15661774373340012
0.19537892139575538,0.9937471410497173,0.7075803778251123,0.9531666417998598,0.4261070967478986,0.9695020881323302,5,LDA,5,5,4,4,4,4,4,3,3,3,3,3,3,8,0.05824394780792082
0.01818666169199501,0.16466549873573846,0.07570800042189885,0.05050705294409413,0.025617527594112035,0.1195632611435546,5,SLDA,2,1,0,0,0,0,0,0,0,0,0,0,0,8,0.02382712968847724
0.004857569938438203,0.9903148804839448,0.6684715517923744,0.8925462890894589,0.4100289482991428,0.9591674078602959,6,Ours,5,5,5,5,4,4,4,4,4,4,4,4,3,8,0.09702715086288756
0.19553904455785057,0.9995100746270198,0.7213625843637869,0.8509250032478849,0.5231702684216537,0.9757495185788496,6,LDA,6,6,5,5,5,5,5,5,4,4,4,3,3,8,0.08908626607508735
0.005885822353567812,0.10088871358603514,0.05397367797728636,0.05362692987731352,0.021251090476989344,0.08792262858878354,6,SLDA,1,0,0,0,0,0,0,0,0,0,0,0,0,8,0.02353936779407678
0.0010172503498859925,0.9905574872437446,0.635697211227408,0.8282317056030376,0.3770377802284186,0.9379992374691754,7,Ours,5,5,5,5,5,5,5,5,5,5,5,4,3,8,0.11778731664494403
0.27665809685763293,0.9879041146034105,0.6748146108110478,0.7759225471114647,0.46282091743309556,0.8787878411193176,7,LDA,7,7,7,7,6,6,5,5,5,4,4,3,2,8,0.08045319105729802
0.024150740357289306,0.1821651451619028,0.07881991024788833,0.042908991594592896,0.0340391064456642,0.11721814086505247,7,SLDA,3,1,0,0,0,0,0,0,0,0,0,0,0,8,0.023751042261792837
0.004729710061923146,0.9915901986884348,0.672040357671325,0.7775678886833497,0.5934765176135071,0.9235176203247908,8,Ours,7,7,7,6,6,6,6,6,6,6,6,4,3,8,0.14154101724476914
0.13196793790814465,0.9995692907780559,0.7006932922678255,0.8298875654965188,0.497457778991997,0.9316619420941566,8,LDA,8,7,7,7,7,7,6,6,6,5,5,4,3,8,0.06620485311406799
0.021676576330913005,0.9910202026243047,0.7466642069475028,0.776661418999316,0.7245465285937378,0.9412336867830117,9,Ours,8,8,8,8,8,8,8,8,8,8,7,4,4,8,0.12582310802479235
0.47420753865547305,0.9867180240508754,0.7672551156884048,0.7931266433322213,0.6833147610601108,0.9040122803084457,9,LDA,9,9,9,9,9,9,9,9,8,7,6,3,3,8,0.07112369139045704
6.689027704832817e-4,0.6065215183169863,0.1256819343872114,0.08047231139853611,0.030776650288930354,0.11118071487850925,9,SLDA,4,1,1,1,1,1,1,1,1,1,0,0,0,8,0.018730550549271863
0.026528401044037437,0.9904297719054166,0.7315822366427563,0.8042259757323255,0.6817935451834058,0.9173299478490036,10,Ours,9,9,9,9,9,9,9,9,9,8,7,5,3,8,0.1357666271554381
0.009483109499015542,0.9886900031855238,0.7619617424814947,0.816956028700381,0.7761187943647254,0.9497960879734695,10,LDA,9,9,9,9,9,9,9,9,9,8,8,6,3,8,0.05973636685674784
0.002489958733126372,0.19782179475798436,0.07313914669972844,0.05239923879837112,0.014313370725671362,0.12874626875449674,10,SLDA,3,2,0,0,0,0,0,0,0,0,0,0,0,8,0.01452166684974349
0.026576580001722347,0.9903848671020707,0.692508388375335,0.7546531965465293,0.600132543408413,0.8857067518130053,11,Ours,10,10,10,10,10,10,9,9,9,8,6,5,3,8,0.1605813313733939
0.2551638685414895,0.9990548384468713,0.77672022963458065,0.8459152458806145,0.7589039808158062,0.8749129195669435,11,LDA,11,11,11,11,10,10,10,10,10,9,9,7,2,8,0.07223178082044056
0.0017468255380081346,0.24530928455078727,0.06672207897401534,0.020022609409869548,0.012689882797789027,0.09129063040847911,11,SLDA,3,2,1,0,0,0,0,0,0,0,0,0,0,8,0.011075404131054135
0.013022392537133802,0.99318663384232575,0.6363501096800753,0.8168121739535884,0.2197562067632662,0.9323073107003781,12,Ours,10,10,9,8,8,8,8,8,8,8,8,6,4,8,0.12100247693463634
0.01266172538908074,0.9989479034741221,0.7766327171749571,0.8792268519354272,0.7637433894004044,0.8957749034466693,12,LDA,11,11,11,11,11,11,11,11,11,10,10,8,3,8,0.07913221722651947
0.005455038448037817,0.2515312037914408,0.07857163436853253,0.04881600274070143,0.03195907462395592,0.11497400641534547,12,SLDA,4,1,1,1,0,0,0,0,0,0,0,0,0,8,0.01128535672047042
0.07778555428926161,0.9938140254408298,0.6210046702607225,0.7684103484913865,0.32667289176811004,0.8911239816886748,13,Ours,11,11,11,10,10,9,9,9,8,8,8,5,3,8,0.1540369599428122
0.01672663438565018,0.9991543888393614,0.6904004699282689,0.8732942984676695,0.4347289383188207,0.9825232266120876,13,LDA,11,11,11,11,10,10,10,9,9,9,9,8,4,8,0.07745660378853227
4.4792542600964597e-4,0.3346144298629893,0.06011139871411036,0.03946838225602418,0.020469664075533286,0.06409562899118568,13,SLDA,1,1,1,1,1,0,0,0,0,0,0,0,0,8,0.012203778027351557
0.029041845271289956,0.9935089511759398,0.6794075315064445,0.7784185142102988,0.6094106846896558,0.923895172631582,14,Ours,12,12,11,11,11,11,11,11,11,10,10,7,4,8,0.13766985411204202
0.013473278832765674,0.9995920146281413,0.661388592066356,0.8561264551655555,0.2971457648382941,0.9601613092703114,14,LDA,13,12,12,11,10,9,9,9,9,9,9,8,6,8,0.08362066464562609
0.0017003004066759415,0.2169075844122277,0.0558379920069187,0.041810949186462554,0.021860917138871845,0.07495420648578542,14,SLDA,2,1,1,0,0,0,0,0,0,0,0,0,0,8,0.010798114683824347
0.007683198888147991,0.9935012991716017,0.6730337471290507,0.8069762896193152,0.49884984852313574,0.9317573144533942,15,Ours,13,13,13,12,11,11,11,11,11,11,11,8,5,8,0.14171913896136382
2.489330290142576e-4,0.9995180155910756,0.6512565738961766,0.7940214570651662,0.278356251143023,0.9369341052356288,15,LDA,13,12,12,11,11,10,10,10,10,10,10,7,5,8,0.07479962277863116
2.8362580139811033e-4,0.24177761238687573,0.054308045102676145,0.01941311271498645,0.007880956923063688,0.05889523634129798,15,SLDA,2,2,2,0,0,0,0,0,0,0,0,0,0,8,0.008076414815078934
0.03410944270147598,0.9939934281000293,0.6256662914957308,0.7384070108951799,0.3898184060952333,0.8636607767648264,16,Ours,14,13,13,13,13,13,12,11,11,10,10,6,4,8,0.16183765914893133
0.0011566950679290672,0.999533178690036,0.6165521714652298,0.7763187411399115,0.20920276734759813,0.9349589104196787,16,LDA,13,13,12,11,11,11,10,10,10,10,10,7,6,8,0.06997612829666564
2.863159461290452e-5,0.6612770690075732,0.10287041942321995,0.05712830328587386,0.015337991581882041,0.10742007837743314,16,SLDA,4,4,2,1,1,1,1,1,1,1,0,0,0,8,0.009835767750355717
0.19964401403785836,0.998488794748729,0.726867044079841,0.9824683234529357,0.591056168745397,0.9904785591008323,3,Ours,3,3,2,2,2,2,2,2,2,2,2,2,2,9,0.1313031497001466
0.229959006197217,0.9794796143982583,0.714389006011825,0.9337283974399997,0.5818437018186083,0.956604005919129,3,LDA,3,3,3,2,2,2,2,2,2,2,2,2,2,9,0.1115468272888916
0.0735033019750357,0.4557247761643448,0.21928465308103867,0.1286258811037355,0.1010645915393856,0.29217532863404017,3,SLDA,2,1,1,1,1,1,1,1,0,0,0,0,0,9,0.10163154903360211
0.16919423277139278,0.9989061783489089,0.6555543350102156,0.7270584644602804,0.3952753614458091,0.9873374380246871,4,Ours,4,4,3,3,3,3,3,3,2,2,2,2,2,9,0.10570099043427698
0.3485594042111105,0.993162667873449,0.800589582073821,0.9303181281053623,0.7410640651559076,0.9898436450232757,4,LDA,4,4,4,4,4,3,3,3,3,3,3,3,2,9,0.04028811832417604
0.06538257332053526,0.6212168631544454,0.25594498306478075,0.16859024789207122,0.09030346097374252,0.33423176998310944,4,SLDA,2,2,2,1,1,1,1,1,1,1,0,0,0,9,0.08595842701025043
0.0022434309505175937,0.9990246740595508,0.6365230904145556,0.9203520112801631,0.2664552835446149,0.9945400522379314,5,Ours,4,4,4,4,3,3,3,3,3,3,3,3,3,9,0.1507868600828502
0.1487402214733706,0.9948009013080786,0.7041362808752332,0.8507442082995522,0.5983164651115759,0.9280796081835887,5,LDA,5,4,4,4,4,4,4,4,4,3,3,3,2,9,0.0733921458392941
0.018520615217099162,0.6702363385121048,0.22941584679382512,0.05370146813775005,0.04241143629639202,0.3622093758057795,5,SLDA,2,2,2,2,2,2,1,1,1,1,0,0,0,9,0.04661944644054328
0.002303159350792324,0.9991217415899935,0.5397176350786754,0.5924460300682701,0.10671968145283359,0.97849497062734625,6,Ours,4,4,4,4,3,3,3,3,3,3,3,3,3,9,0.11764306637084382
0.1655017480980581,0.9944229468318448,0.6252236418323159,0.5869173806904302,0.4963879248869394,0.8602575614706252,6,LDA,6,6,5,5,5,5,5,5,4,3,2,2,2,9,0.09043909682556078
0.02152813510216018,0.47755131739844514,0.2291117380980456,0.2154966843094301,0.10499089565265876,0.3362056521036624,6,SLDA,4,4,3,3,2,2,1,1,0,0,0,0,0,9,0.05484431076982503
0.008396973690769529,0.9990662990273699,0.5806883647331702,0.5348209316479235,0.34209222637115816,0.919174948011906,7,Ours,6,6,5,5,5,5,5,5,4,3,3,3,2,9,0.118574953387934
0.04488719626320841,0.9943212715241031,0.5896267131369728,0.6682566728051349,0.3876293886195988,0.8223315370635826,7,LDA,6,6,6,5,5,5,5,5,5,4,3,2,2,9,0.0612811360277392
0.001381690573399458,0.4131424562232232,0.13292958660530715,0.05337695478867772,0.025722262515364216,0.2055807398105606,7,SLDA,3,2,2,2,1,1,1,0,0,0,0,0,0,9,0.028838503310937874
0.12723261382285958,0.999067276545618,0.5910043558352376,0.5627514059814149,0.40081604016461153,0.8839620938278137,8,Ours,8,6,6,6,6,6,6,6,5,3,3,3,2,9,0.12021300330150719
0.06609598927538413,0.995646195923652,0.6190192196492212,0.7020194542807932,0.46605698080213703,0.8476778678824232,8,LDA,7,7,6,6,6,6,6,6,6,4,4,4,2,9,0.0845866187467109
0.00402403248054345,0.2939729562522299,0.08293394786095015,0.060181477625861395,0.01968077629124581,0.10433231338212999,8,SLDA,3,1,1,1,0,0,0,0,0,0,0,0,0,9,0.01770539534767811
0.142749175634028,0.9990987995604836,0.6147770655162217,0.6257282577954567,0.39869989070202627,0.8819635426033361,9,Ours,9,8,7,7,7,7,6,6,6,5,4,3,2,9,0.18249419906624242
0.17363805700973867,0.9990545399197124,0.7008541863044685,0.8273586853599701,0.5132339646897063,0.9387165043164264,9,LDA,9,9,8,8,7,7,7,7,7,6,6,5,3,9,0.049692750614568376
0.007529805225814501,0.2767843444838099,0.1078766648334828,0.07583472906922932,0.059580488637911926,0.146742645360683,9,SLDA,3,2,2,1,0,0,0,0,0,0,0,0,0,9,0.020769583274794615
0.058588441966042876,0.9990872994150529,0.5870076426009131,0.5198887930094154,0.4534717247351818,0.7724423942485246,10,Ours,9,9,9,9,9,8,8,7,5,4,4,2,2,9,0.15414679572154336
0.05601600845013851,0.9984956786484246,0.675437510880062,0.7895332554199912,0.560800126364227,0.8468224979185113,10,LDA,9,9,9,9,8,8,8,8,7,7,7,5,2,9,0.0668505950132451
0.004799838978632619,0.28373303439756026,0.09020175325738689,0.03717743652839516,0.021996015521475953,0.11109947795366239,10,SLDA,4,2,2,2,0,0,0,0,0,0,0,0,0,9,0.0172840231710078
0.015358065260227547,0.9991750887688079,0.5777234684336053,0.7174507275311994,0.32426118770770673,0.7750215510801397,11,Ours,10,9,8,8,8,8,8,8,7,6,6,2,2,9,0.1490738747174848
0.22266222667790897,0.999470981762918,0.7278149863732057,0.8408807350286214,0.5746796184486264,0.9245386173493801,11,LDA,11,11,11,9,9,9,9,9,8,8,7,7,4,9,0.10886786489548307
0.0022710902433953975,0.3900983454054074,0.09939626388778336,0.03370302281419324,0.015400992284969248,0.12714117659799873,11,SLDA,4,2,2,2,2,1,0,0,0,0,0,0,0,9,0.0187941689121553
0.016780363705178145,0.9991156573900282,0.6042387351652118,0.6581081767573498,0.39681805885615773,0.8380720018521919,12,Ours,11,11,11,10,9,9,9,8,7,7,5,4,2,9,0.14660941530960336
9.505982764446853e-4,0.9996548145112168,0.768283552057926,0.8455302491657377,0.7018675942048249,0.9294489611953537,12,LDA,11,11,11,11,11,11,11,11,11,10,9,7,5,9,0.09130518903636037
0.004166568605249186,0.25785538374829786,0.0665543403037487,0.024333121906587266,0.01659547199625646,0.10604863371084436,12,SLDA,3,1,1,1,0,0,0,0,0,0,0,0,0,9,0.015168983312606918
0.02755573168602303,0.9964612387849846,0.6141894680507304,0.7636676610654993,0.2810579049532414,0.8327679771402852,13,Ours,12,12,11,10,9,9,9,9,9,8,7,5,2,9,0.14036497855609123
0.025636035638597447,0.9996627373543895,0.7437929058086216,0.8355064625616812,0.6775931863096479,0.9899565276520181,13,LDA,12,12,11,11,11,11,11,11,11,10,9,7,5,9,0.07203575486248745
0.002124401882880705,0.4235764226396237,0.10900163053665776,0.06193154273560182,0.020091350756772503,0.14710488822476334,13,SLDA,5,3,2,2,1,1,1,0,0,0,0,0,0,9,0.01532702889796139
0.002684501586909478,0.9994094824173141,0.5151709588243233,0.5378631738370426,0.26717248935194726,0.7913428821464765,14,Ours,12,11,11,11,9,9,8,8,8,6,4,4,3,9,0.16196399304554046
0.3581593281034384,0.9998670958242977,0.770891125253663,0.8352916171761279,0.7105203840449601,0.932634611038758,14,LDA,14,14,14,14,14,14,12,12,11,11,11,7,6,9,0.07853821051357093
0.0029690827664864143,0.24177654717527117,0.06963675273819105,0.04444461186717463,0.027837227578504393,0.08448159482616188,14,SLDA,3,2,1,0,0,0,0,0,0,0,0,0,0,9,0.013282029707378993
0.0282197870291112,0.9955291028295343,0.5016823152303208,0.5250092974277967,0.29383192823729165,0.6752149202673414,15,Ours,13,12,12,12,11,10,10,8,8,6,4,3,2,9,0.1739160239595399
0.004167277568315397,0.9995781269646736,0.6763857271966699,0.6885925334574515,0.5922574402761012,0.9128269119709642,15,LDA,14,14,14,13,12,12,12,12,12,11,7,6,5,9,0.06738870173898309
1.7311507024688917e-4,0.6351574400007384,0.1581771606872244,0.037339588602006916,0.020607613078760335,0.2583143564630632,15,SLDA,6,6,6,4,3,3,2,1,1,1,0,0,0,9,0.012639103661117963
0.016883969236310758,0.9989196654923046,0.52863862696182,0.5503543525068464,0.1645580703375716,0.8355712089643674,16,Ours,13,12,11,11,10,10,10,10,9,7,7,6,2,9,0.170955295287978
0.0015953123799489737,0.9996636048998673,0.6685309831375718,0.7174969797840698,0.6103097945756073,0.8500875907151002,16,LDA,15,15,14,13,13,13,13,13,13,12,9,7,4,9,0.07451071095728799
0.0017047832727510787,0.5081390884630567,0.12068754160879198,0.06410298278694636,0.029921236075351163,0.22215900703081146,16,SLDA,6,5,5,2,1,1,1,1,1,0,0,0,0,9,0.01328442616916476
0.5429055755426941,0.9978401051307417,0.8434946496730201,0.9897382683456244,0.7663219219441593,0.9937891867381831,3,Ours,3,3,3,3,3,3,3,3,3,2,2,2,2,10,0.12538903445365204
0.4081526146892003,0.9673594285825745,0.6683288729079961,0.6294745754522136,0.5188135950707069,0.7984170020173941,3,LDA,3,3,3,3,3,3,3,2,2,2,1,1,1,10,0.09674580635453552
0.04663829436958833,0.11407052301660428,0.08775361624655408,0.1025520313534696,0.07459516286152897,0.10831127718503694,3,SLDA,2,0,0,0,0,0,0,0,0,0,0,0,0,10,0.037947414319944056
0.26865693009942354,0.9979016829039615,0.7565693584917867,0.8798594104818809,0.6445096191941673,0.9919191497795005,4,Ours,4,4,4,4,3,3,3,3,3,3,3,2,2,10,0.16617039369126343
0.07467443721354243,0.9679247517709068,0.6236682885839292,0.7260369826756338,0.5042594648385016,0.8454458064210614,4,LDA,3,3,3,3,3,3,3,3,3,3,2,2,1,10,0.08396227076260625
0.03879403420622861,0.13088756928472864,0.0853330192544168,0.08582523676335498,0.052195803228979126,0.11896245278879264,4,SLDA,2,0,0,0,0,0,0,0,0,0,0,0,0,10,0.03241313303056146
0.07126618125336281,0.99862587180647,0.6785695546307663,0.768039584451108,0.5640558107387603,0.9908603249041303,5,Ours,4,4,4,4,4,4,4,4,4,3,3,2,2,10,0.17750598301216863
0.010114904870488531,0.9990815942271427,0.6202479041913276,0.7092851935997434,0.3877087994449545,0.9950490288143087,5,LDA,4,4,4,4,4,4,3,3,3,3,3,2,2,10,0.07783283246905667
0.0011540143283071912,0.22324954493337282,0.05744979440585378,0.02220754309850421,0.009199183312117137,0.03143868635696753,5,SLDA,1,1,1,0,0,0,0,0,0,0,0,0,0,10,0.014028842947483466
0.004569929115371113,0.9980305120970576,0.6526040227940422,0.76228172582921,0.440607159628277,0.9818788862063813,6,Ours,5,5,5,5,5,5,4,4,4,3,3,3,3,10,0.1454833322077563
0.012108191386341673,0.9988797400110225,0.6504189165795052,0.7880412781645224,0.42146784838554263,0.9591350495096854,6,LDA,5,5,5,5,5,4,4,4,4,4,4,3,2,10,0.073683066226258
0.022500153245867804,0.26705472421074455,0.13205196942960215,0.1188449725077279,0.07779283563758392,0.18042989619543864,6,SLDA,3,3,1,1,0,0,0,0,0,0,0,0,0,10,0.025776885159123096
0.007105956866520085,0.9984874564158427,0.6058372605067526,0.473944668714263,0.4098797023249142,0.9707816684504069,7,Ours,6,6,6,6,6,6,5,4,3,3,3,3,3,10,0.16790969932581631
0.014840983059541934,0.9989212526978548,0.6255463723179892,0.7217609502035766,0.4020092077197328,0.9196415024127425,7,LDA,6,6,5,5,5,5,5,5,5,5,4,3,2,10,0.052197495470566443
0.02232081311409902,0.10586656931890055,0.056520051703290816,0.05413562354812071,0.042243736088781535,0.0644149418821762,7,SLDA,1,0,0,0,0,0,0,0,0,0,0,0,0,10,0.026363775082462983
0.010242161979739355,0.9985697409430772,0.582443438302828,0.6124736668567908,0.34603425946068295,0.9285423153764918,8,Ours,6,6,6,6,6,6,6,5,4,4,4,3,3,10,0.1243052190314525
0.001082597780023957,0.9991125667537648,0.5988130075369757,0.6565243192531969,0.34858899760741013,0.8884666224718736,8,LDA,7,7,7,6,6,6,5,5,5,4,4,3,2,10,0.07268538168679028
0.002500882799535712,0.17862661525391607,0.07962230822847924,0.08806626557773031,0.043720633492902075,0.10058511848684756,8,SLDA,2,1,0,0,0,0,0,0,0,0,0,0,0,10,0.024652389408906163
0.0016763632877630464,0.9984697437661748,0.6355012688155635,0.8557351963577428,0.463349718495657,0.9448533495617176,9,Ours,7,7,7,7,7,7,7,7,6,5,5,5,4,10,0.12130321561628264
0.04027399594424396,0.9997777300462717,0.6542903055751822,0.7796300685918343,0.45598066520110564,0.9858731069560542,9,LDA,8,7,7,7,7,7,7,7,6,6,5,4,3,10,0.07485466547932172
0.004751451891847651,0.2633936760417303,0.07440119334493742,0.019525031941140268,0.013061308155712695,0.056590612314411023,9,SLDA,2,2,2,2,0,0,0,0,0,0,0,0,0,10,0.010996331902125102
0.009151188931855986,0.9984623068554064,0.6049102389255441,0.758395467158963,0.19282344941754667,0.9441543233529407,10,Ours,7,7,7,7,7,7,7,7,7,6,5,5,4,10,0.11845544534430003
0.019278455233693412,0.9990953430051196,0.5526584603267973,0.7290078627389014,0.09844283214176933,0.9274791245112232,10,LDA,7,6,6,6,6,6,6,6,6,6,6,4,3,10,0.0429740550026498
0.0016022914587781462,0.18074251282712944,0.06639522439040613,0.0628354331844239,0.015242286153642974,0.10456366054216078,10,SLDA,4,1,0,0,0,0,0,0,0,0,0,0,0,10,0.0184842577221244
0.008514128204404094,0.9984936067828099,0.5706895734859955,0.6919772344051418,0.18545672232313154,0.9158705172075206,11,Ours,9,8,8,7,7,7,7,7,7,7,5,4,3,10,0.1523069364054587
8.27696573120405e-4,0.9984067271474296,0.563675990294862,0.7579659559364393,0.11564052589070668,0.930293634229705,11,LDA,8,7,7,7,7,7,7,7,6,6,6,5,3,10,0.04968295603768681
3.0323885916695427e-4,0.3469365395538672,0.07661107251157084,0.02483184754164909,0.019908124553535633,0.07967603107847845,11,SLDA,3,2,2,1,1,0,0,0,0,0,0,0,0,10,0.010026605117419924
0.010880351776545633,0.9983140441089097,0.5077174437570469,0.5488723686526439,0.0433918357574142,0.8921986456204337,12,Ours,8,8,8,7,7,6,6,6,6,6,6,5,3,10,0.12083116679092466
0.007060897928562251,0.9985487019383971,0.49927848723653345,0.5149664208715721,0.06664123590263181,0.8848283628961152,12,LDA,8,8,7,7,6,6,6,6,6,6,6,4,3,10,0.05320470941653031
0.002285893285303595,0.3898002042293429,0.09986014929642185,0.05236013786616109,0.022273933644581797,0.15356013470524835,12,SLDA,5,3,1,1,1,1,0,0,0,0,0,0,0,10,0.015123690092548653
0.0051917021875398225,0.9982389461925343,0.5147065805566511,0.4786905046295009,0.2526525549507604,0.849558834588398,13,Ours,10,10,10,10,8,7,7,7,6,6,6,5,2,10,0.1406078928964167
7.958627073778597e-4,0.9998500264305943,0.6333658064334998,0.8508522341743042,0.45439360809091994,0.9840393739943456,13,LDA,10,10,10,10,10,10,10,10,8,7,7,7,6,10,0.08463898178314552
2.965783612544388e-4,0.37416785868319835,0.09092366640922248,0.06900632758766045,0.018020606995671505,0.11523824200609134,13,SLDA,4,2,1,1,1,1,0,0,0,0,0,0,0,10,0.011883693520242333
8.985539048905115e-5,0.9982738017738874,0.5264972198617893,0.47790369955825707,0.27240520006463775,0.8487764858877253,14,Ours,12,11,11,11,10,9,8,7,7,6,6,5,2,10,0.15892110596047693
3.8090911636346934e-4,0.9999031629111867,0.5620943141127052,0.6339638818762544,0.2661066709738088,0.8940380398749329,14,LDA,11,11,11,10,10,10,10,8,8,7,6,5,4,10,0.0757385698400148
1.6287614284358663e-4,0.34319465198075927,0.10735388850574779,0.0802085788874469,0.012673160421700247,0.17199042937659342,14,SLDA,6,4,2,2,2,0,0,0,0,0,0,0,0,10,0.009168029259029063
0.002110089350680442,0.9959925813525428,0.5100609279930808,0.5469369515021855,0.20167027256564451,0.8220010909627469,15,Ours,12,12,11,10,10,9,8,8,8,7,6,6,3,10,0.17805998601028342
0.005535228548096866,0.999811659163748,0.5203163115005789,0.49437190020900956,0.08833631635485975,0.9029839320094925,15,LDA,11,10,10,10,10,10,9,8,7,7,6,5,4,10,0.061670880623465034
6.670444605708613e-5,0.5571439512288102,0.09954214937713614,0.03569757691241153,0.018394689416741987,0.0902259982577774,15,SLDA,4,3,2,2,2,1,1,1,1,0,0,0,0,10,0.009536833918690518
0.00648192820449098,0.9984207277184358,0.5081817529769191,0.449676758510304,0.21300112840446783,0.8309367393514836,16,Ours,14,14,12,11,9,9,8,8,8,7,7,5,2,10,0.15920608208203701
0.00790726226667942,0.9998674375793883,0.5327371978334616,0.6022093060834475,0.08976726932785059,0.9168476068327577,16,LDA,11,10,10,10,10,10,10,10,9,8,7,6,5,10,0.06583822950834449
1.7080238633101915e-5,0.3370208430615768,0.09665343859465189,0.06182223868638248,0.018785041782457698,0.14477037657740122,16,SLDA,6,4,2,2,2,0,0,0,0,0,0,0,0,10,0.01126810435089331
